# DeepStack, https://deepstack.ltd/sides/the-ratepayer-pays-first/grid/; quotations under fair use, clipped to 250 characters; cite the canonical URL
voice,entity_slug,question_id,question,side_id,side_label,claim,date,url
Sonya Huang,sonya-huang,main,Who pays for the AI power bill?,the-load-pays-its-way,The load pays its way,Vahdat: Google pays for its own lines.,,
Google,google,main,Who pays for the AI power bill?,the-load-pays-its-way,The load pays its way,"Citing ERCOT's October 2025 reporting, over 200 gigawatts of large loads have requested interconnection through the interim process, yet less than 4% have been granted approval to energize and about another 7% are eligible to seek energization…",2025-12-18,https://interchange.puc.texas.gov/search/documents?controlNumber=58317&itemNumber=11
Google,google,main,Who pays for the AI power bill?,the-load-pays-its-way,The load pays its way,"The Joint Commenters recommend the Commission adopt a unifying framework aligning all related rulemakings and ERCOT protocol revisions, advancing cost-causation-based cost assignment that shields residential and small commercial customers from cost…",2025-12-18,https://interchange.puc.texas.gov/search/documents?controlNumber=58317&itemNumber=11
Crusoe Energy,crusoe-energy,main,Who pays for the AI power bill?,the-load-pays-its-way,The load pays its way,"Crusoe states that co-located generation, when structured correctly, simultaneously advances grid reliability, reduces ratepayer costs, and accelerates AI infrastructure buildout, which is the basis of its energy-first 'bring your own power' model.",2026-03-16,https://elibrary.ferc.gov/eLibrary/filelist?accession_number=20260316-5379
Crusoe Energy,crusoe-energy,main,Who pays for the AI power bill?,the-load-pays-its-way,The load pays its way,"Crusoe states that PJM's own filing acknowledges a lower threshold risks forcing existing BTMG resources offline during the transition period, which would increase grid burden by converting currently netted load into full network load without…",2026-03-16,https://elibrary.ferc.gov/eLibrary/filelist?accession_number=20260316-5379
EDF Power Solutions,edf-power-solutions,main,Who pays for the AI power bill?,the-load-pays-its-way,The load pays its way,"EDFps says BTMG co-location can reduce grid congestion, avoid generator interconnection queue delays, lower network upgrade needs, reduce congestion costs, allow the load to provide demand response if power demands are flexible, and deliver…",2026-03-16,https://elibrary.ferc.gov/eLibrary/filelist?accession_number=20260316-5222
EDF Power Solutions,edf-power-solutions,main,Who pays for the AI power bill?,the-load-pays-its-way,The load pays its way,"EDFps argues PJM's own proposed contract demand service changes alleviate the ability of large loads with Retail BTMG to lean on the system, since a Retail BTMG equal to the load size fully covered by Non-Firm Contract Demand would be limited to…",2026-03-16,https://elibrary.ferc.gov/eLibrary/filelist?accession_number=20260316-5222
NRG Energy,nrg-energy,main,Who pays for the AI power bill?,the-load-pays-its-way,The load pays its way,"NRG argues that because the funding a large load customer must supply to bring new generation greatly exceeds the $50,000/MW security amount, concerns about whether the large load can meet financial commitments are easily satisfied under BYOG…",2026-04-17,https://interchange.puc.texas.gov/search/documents?controlNumber=58481&itemNumber=173
NRG Energy,nrg-energy,main,Who pays for the AI power bill?,the-load-pays-its-way,The load pays its way,"NRG states the ERCOT region faces unprecedented load growth over the next five years, which it says will bring both grid challenges and significant business development opportunities in Texas, making it critical to get the large load…",2026-04-17,https://interchange.puc.texas.gov/search/documents?controlNumber=58481&itemNumber=173
Kingswell,kingswell,main,Who pays for the AI power bill?,the-load-pays-its-way,The load pays its way,BHE's stance of participating in data center buildouts only if hyperscalers bear the full construction and operating cost is a disciplined framework that lets it join a major infrastructure cycle without spreading risk and cost onto existing…,2026-05-11,https://www.kingswell.io/p/10-things-about-berkshire-hathaways
Data Center Coalition,data-center-coalition,main,Who pays for the AI power bill?,the-load-pays-its-way,The load pays its way,"PJM's proposed June 1, 2029 effective date for the new transmission services presumably means PJM cannot start studying these innovative solutions for over three years, and the goal should be to implement needed reforms earlier than 2029 given the…",2026-03-16,https://elibrary.ferc.gov/eLibrary/filelist?accession_number=20260316-5323
Data Center Coalition,data-center-coalition,main,Who pays for the AI power bill?,the-load-pays-its-way,The load pays its way,"Clearer interconnection rules for existing generators also require more concrete timelines for reviewing and approving Necessary Studies and CIR revisions, and PJM needs to account for CIRs going to the specific co-located customer so a generator…",2026-03-16,https://elibrary.ferc.gov/eLibrary/filelist?accession_number=20260316-5323
Monitoring Analytics (PJM market monitor),monitoring-analytics-pjm-market-monitor,main,Who pays for the AI power bill?,the-bill-no-state-can-shield,The bill no state can shield,"The central issue facing PJM, which the Market Monitor says the ANOPR appears to largely ignore, is that there is not enough generating capacity to reliably serve the large loads that want to be online quickly.",2025-12-05,https://elibrary.ferc.gov/eLibrary/filelist?accession_number=20251205-5219
Monitoring Analytics (PJM market monitor),monitoring-analytics-pjm-market-monitor,main,Who pays for the AI power bill?,the-bill-no-state-can-shield,The bill no state can shield,"The Market Monitor states that the current failure to impose a reliability requirement has led to large increases in capacity market prices, and also in energy market prices and transmission costs.",2025-12-05,https://elibrary.ferc.gov/eLibrary/filelist?accession_number=20251205-5219
Virginia State Corporation Commission,virginia-state-corporation-commission,main,Who pays for the AI power bill?,the-bill-no-state-can-shield,The bill no state can shield,"Taking action specific to the PJM region appears to the VSCC to be both premature and potentially harmful, to the extent it conflicts with later guidance through the NOPR process, since the ANOPR already frames whether and how hybrid loads…",2025-12-15,https://elibrary.ferc.gov/eLibrary/filelist?accession_number=20251215-5406
Virginia State Corporation Commission,virginia-state-corporation-commission,main,Who pays for the AI power bill?,the-bill-no-state-can-shield,The bill no state can shield,Implementing a minimum set of standards designed to remove bottlenecks within the interconnection queue itself can expedite interconnections without disturbing existing state-federal jurisdictional boundaries.,2025-12-05,
Maryland Office of People's Counsel,maryland-office-of-people-s-counsel,main,Who pays for the AI power bill?,the-bill-no-state-can-shield,The bill no state can shield,"Fixing cost allocation alone is insufficient if planning inputs remain corrupted by speculative and duplicative load forecasts, so a remedy must also reform the planning process to eliminate speculative load forecasts.",2026-06-11,https://elibrary.ferc.gov/eLibrary/filelist?accession_number=20260611-5156#p8
Maryland Office of People's Counsel,maryland-office-of-people-s-counsel,main,Who pays for the AI power bill?,the-bill-no-state-can-shield,The bill no state can shield,"Absent regional reform, state-level remedies such as large load tariffs may worsen the problem by magnifying the incentive to overbuild while shifting costs to customers elsewhere in PJM.",2026-06-11,https://elibrary.ferc.gov/eLibrary/filelist?accession_number=20260611-5156#p8
Exelon,exelon,main,Who pays for the AI power bill?,the-bill-no-state-can-shield,The bill no state can shield,"Because the transmission system is not a one-and-done investment but evolves and requires maintenance at a cost, a model where initial investment absolves co-located loads of ongoing contributions leaves other customers holding the bag and creates…",2026-01-16,https://elibrary.ferc.gov/eLibrary/filelist?accession_number=20260116-5200#p7
tscsw,tscsw,main,Who pays for the AI power bill?,the-bill-no-state-can-shield,The bill no state can shield,"Interconnection queues, turbine shortages, and permitting gridlock are preventing $33 billion offers from translating into actual megawatts of new capacity.",2026-02-26,https://tscsw.substack.com/p/there-is-no-power
tscsw,tscsw,main,Who pays for the AI power bill?,the-bill-no-state-can-shield,The bill no state can shield,"The PJM capacity auction price for mid-Atlantic grid generation cleared at $269.92 per megawatt-day in July 2024, up 9x from the previous auction's $28.92, with all subsequent auctions clearing at administrative price caps.",2026-08-11,https://tscsw.substack.com/p/its-not-the-poor-its-you
Market Sentiment,market-sentiment,main,Who pays for the AI power bill?,the-bill-no-state-can-shield,The bill no state can shield,"Market Sentiment treats the January joint declaration by the governors of all 13 PJM states with the Trump administration that power prices be reined in and that data centers pay their grid costs, together with the extension of the capacity-auction…",2026-07-10,https://www.marketsentiment.co/p/ms-101
Earthjustice,earthjustice,main,Who pays for the AI power bill?,the-bill-no-state-can-shield,The bill no state can shield,"Earthjustice argues that no commenter describes what financial penalty would be sufficient in practice, likely because none of them know what penalty would convince large load customers—who have virtually unlimited capital and very high contractual…",2026-04-24,https://elibrary.ferc.gov/eLibrary/filelist?accession_number=20260424-5110
North American Electric Reliability Corporation,north-american-electric-reliability-corporation,main,Who pays for the AI power bill?,the-plant-is-late,The plant is late,"Over the past two years NERC's LTRA has shown that industry resource growth projections can outpace actual completion rates, with efforts to interconnect resources hampered by unresponsive supply chains, permitting delays, and project owner…",2026-04-23,https://www.nerc.com/globalassets/our-work/assessments/2025-ltra-sensitivity-miso-eras.pdf#p2
North American Electric Reliability Corporation,north-american-electric-reliability-corporation,main,Who pays for the AI power bill?,the-plant-is-late,The plant is late,"Large loads inherently add volatility to load forecasts because project timelines and commitments can vary with construction, permitting approvals, grid development and data center owner decisions; revised ERCOT and PJM forecasts prepared after the…",2026-02-24,https://www.nerc.com/globalassets/our-work/assessments/nerc_ltra_2025.pdf#p2
Electric Reliability Council of Texas,electric-reliability-council-of-texas,main,Who pays for the AI power bill?,the-plant-is-late,The plant is late,ERCOT reports it is tracking roughly 438 GW of Large Load interconnection requests and roughly 452 GW of Generation Interconnection requests.,2026-05-24,https://www.ercot.com/files/docs/2026/05/24/8-Interconnection-and-Grid-Analysis-Update.pdf
Electric Reliability Council of Texas,electric-reliability-council-of-texas,main,Who pays for the AI power bill?,the-plant-is-late,The plant is late,"The 438 GW of Large Load interconnection requests is tracked through the current PGRR115-based process, in which the vast majority of requests have no studies submitted; that process ends July 10, 2026, when ERCOT switches to a batch-based…",2026-05-24,https://www.ercot.com/files/docs/2026/05/24/8-Interconnection-and-Grid-Analysis-Update.pdf
Reyk Knuhtsen,reyk-knuhtsen,main,Who pays for the AI power bill?,the-plant-is-late,The plant is late,"ERCOT illustrates phantom demand: as of April 2026 it was assessing more than 410 GW of large-load interconnection requests, over 87% from datacenters, against a Texas all-time peak of about 85 GW, and they count 311 GW of that as phantom…",2026-06-18,https://newsletter.semianalysis.com/p/stop-saying-half-of-2026-us-datacenter
Reyk Knuhtsen,reyk-knuhtsen,main,Who pays for the AI power bill?,the-plant-is-late,The plant is late,"They acknowledge open questions in judging real delays: some projects may die on local opposition while others pass and unseat the council members who approved them, labor can be imported or become a constraint, and behind-the-meter power remains a…",2026-06-18,https://newsletter.semianalysis.com/p/stop-saying-half-of-2026-us-datacenter
Jeremie Eliahou Ontiveros,jeremie-eliahou-ontiveros,main,Who pays for the AI power bill?,the-plant-is-late,The plant is late,"They expect power generation to be a major bottleneck to grid-connected datacenter load growth, pointing to utilities revising promised load ramps by years because long-lead interconnection equipment is unavailable, and to buyers now bearing the…",2026-06-25,https://newsletter.semianalysis.com/p/us-grid-constraints-towards-40gw
Mia Silverio,mia-silverio,main,Who pays for the AI power bill?,the-plant-is-late,The plant is late,"Investors are understandably nervous because an estimated 30% to 50% of data center capacity planned to come online this year will be delayed, as constructors face grid connection issues, power equipment supply shortages, and increasingly community…",2026-09-28,https://www.profgmedia.com/p/nobody-wants-a-data-center-not-even
tscsw,tscsw,main,Who pays for the AI power bill?,the-plant-is-late,The plant is late,"PJM's 2027/2028 Base Residual Auction failed to meet the reliability requirement for the first time since the capacity market's creation in 2007, achieving only a 14.8% reserve margin against a 20.0% target, a shortfall of 6,623 MW.",2026-02-26,https://tscsw.substack.com/p/there-is-no-power
Jason Bordoff,jason-bordoff,main,Who pays for the AI power bill?,crossing,Voices that cross sides,"On his program, Millican's large-load tariffs and 260 GW; Arent's spare grids.",,
tscsw,tscsw,main,Who pays for the AI power bill?,crossing,Voices that cross sides,The capacity price ninefold; the auction short; on-site power could shrink the gap.,,https://tscsw.substack.com/p/its-not-the-poor-its-you
NRG Energy,nrg-energy,main,Who pays for the AI power bill?,crossing,Voices that cross sides,Own generation answers affordability; the influx of large loads threatens bills.,,https://interchange.puc.texas.gov/search/documents?controlNumber=58481&itemNumber=173
Google,google,main,Who pays for the AI power bill?,crossing,Voices that cross sides,Shield households by cost causation; $24B of Texas lines need loads that connect.,,https://interchange.puc.texas.gov/search/documents?controlNumber=58317&itemNumber=11
