# DeepStack, https://deepstack.ltd/sides/the-debt-behind-the-machines/grid/; quotations under fair use, clipped to 250 characters; cite the canonical URL
voice,entity_slug,question_id,question,side_id,side_label,claim,date,url
Michael Burry,michael-burry,main,"The debt behind the machines: 1999 capex, 2008 credit, or neither?",capex-and-credit,1999 capex plus 2008 credit,Nebius extended its server depreciation schedule from four years to five this year even though its own deal pricing implies roughly 50 percent annual decay; customers that would not quit depreciating are what extended the bust twenty-five years ago.,2026-08-12,https://michaeljburry.substack.com/p/trading-post-august-12-2026
Michael Burry,michael-burry,main,"The debt behind the machines: 1999 capex, 2008 credit, or neither?",capex-and-credit,1999 capex plus 2008 credit,Nebius's own disclosed terms show compute in backwardation: 20 to 25 million dollars per megawatt on one-to-three-year contracts against 40 to 50 million per megawatt for capacity of up to six months; buyers paying twice the rate for near-term use…,2026-08-12,https://michaeljburry.substack.com/p/trading-post-august-12-2026
Vitaliy Katsenelson,vitaliy-katsenelson,main,"The debt behind the machines: 1999 capex, 2008 credit, or neither?",capex-and-credit,1999 capex plus 2008 credit,"AI profitability is elusive while open-source and Chinese models deliver comparable results at a fraction of the cost, so data-center pricing faces a race to the bottom exactly as fiber optics did after 1999; then the bankruptcies reveal who was…",2026-08-06,https://vitaliy.substack.com/p/todays-market-1999-capex-2008-credit
Market Sentiment,market-sentiment,main,"The debt behind the machines: 1999 capex, 2008 credit, or neither?",borrowing-is-rational,The borrowing is rational,"Capacity is sold before it is built: AWS backlog reached 496 billion dollars, Microsoft closed June 2026 with 678 billion of commercial RPO up 84 percent year over year, Google Cloud's backlog hit 514 billion; CoreWeave's 2020-era A100s are fully…",2026-08-08,https://www.marketsentiment.co/p/is-the-capex-sustainable
Market Sentiment,market-sentiment,main,"The debt behind the machines: 1999 capex, 2008 credit, or neither?",borrowing-is-rational,The borrowing is rational,"Modeled bottom-up, 100 billion dollars of annual data-center capex sustains roughly 160 billion of steady-state annual revenue, a 1.6x revenue-to-capex multiple and about a 21 percent IRR, even assuming a five-year chip life and a one-third annual…",2026-08-08,https://www.marketsentiment.co/p/is-the-capex-sustainable
Oguz Erkan,oguz-erkan,main,"The debt behind the machines: 1999 capex, 2008 credit, or neither?",borrowing-is-rational,The borrowing is rational,"Rental prices for six-year-old A100 GPUs are up more than 20 percent year-to-date, a direct read on AI model providers' willingness to pay and, by extension, end-customer demand.",2026-08-06,https://www.capitalist-letters.com/p/its-time-to-be-bullish-on-compute
Variant Perception,,main,"The debt behind the machines: 1999 capex, 2008 credit, or neither?",borrowing-is-rational,The borrowing is rational,"Still risk-on, semis capital-scarce, July was a tradeable low.",,
JunkBondInvestor,junkbondinvestor,main,"The debt behind the machines: 1999 capex, 2008 credit, or neither?",crossing,Voices that cross sides,"Three endings fit today's numbers: squeeze, triumph, or spreads just cheapen. Unsortable yet.",,
Oguz Erkan,oguz-erkan,main,"The debt behind the machines: 1999 capex, 2008 credit, or neither?",crossing,Voices that cross sides,His own tripwire: hyperscaler free cash flow may go negative in 2027; leverage on speculative returns repels.,,https://www.capitalist-letters.com/p/its-time-to-be-bullish-on-compute
Market Sentiment,market-sentiment,main,"The debt behind the machines: 1999 capex, 2008 credit, or neither?",crossing,Voices that cross sides,"His own bar: the spend needs about $960B of cloud revenue; the run rate is about $380B, growing 40% or more.",,https://www.marketsentiment.co/p/is-the-capex-sustainable
