# DeepStack, https://deepstack.ltd/sides/power-doesnt-depreciate/grid/; quotations under fair use, clipped to 250 characters; cite the canonical URL
voice,entity_slug,question_id,question,side_id,side_label,claim,date,url
Michael Burry,michael-burry,main,"Is power scarcity a warning, or a moat?",scarcity-as-warning,Scarcity as a warning,Nebius's own disclosed terms show compute in backwardation: 20 to 25 million dollars per megawatt on one-to-three-year contracts against 40 to 50 million per megawatt for capacity of up to six months; buyers paying twice the rate for near-term use…,2026-08-12,https://michaeljburry.substack.com/p/trading-post-august-12-2026
Michael Burry,michael-burry,main,"Is power scarcity a warning, or a moat?",scarcity-as-warning,Scarcity as a warning,"GDP growth is heavily reliant on the data center buildout, evidenced by private non-residential construction excluding data centers falling 7.9% year over year in June.",2026-08-21,https://michaeljburry.substack.com/p/trading-post-and-short-thoughts-to
Kakashii,kakashii,main,"Is power scarcity a warning, or a moat?",scarcity-as-warning,Scarcity as a warning,"CoreWeave is a contract-financed infrastructure company whose assets become technologically obsolete much faster than the buildings it leases, whose largest customers are competing clouds, and whose only GPU supplier is also an investor, customer…",2026-08-20,https://kakashiii111.substack.com/p/the-nvidia-spv-series-part-2-coreweave
Kakashii,kakashii,main,"Is power scarcity a warning, or a moat?",scarcity-as-warning,Scarcity as a warning,"Profitability requires mature deployments to fund the next build without another financing wave, a condition that has not yet been met and that revenue, backlog, and gigawatts rising alone do not prove common equity earns an attractive return after…",2026-08-20,https://kakashiii111.substack.com/p/the-nvidia-spv-series-part-2-coreweave
Gaetano,gaetano,main,"Is power scarcity a warning, or a moat?",scarcity-as-warning,Scarcity as a warning,"Hyperscalers face hard constraints on grid access, permitting, and environmental impact that are pushing them toward distributed multi-building or multi-campus architectures rather than single massive data centers in one location.",2026-09-01,https://gaetanoresearch.substack.com/p/we-need-to-talk-video-data-center
Gaetano,gaetano,main,"Is power scarcity a warning, or a moat?",scarcity-as-warning,Scarcity as a warning,"Carriers had already installed enormous amounts of fiber based on expectations that demand would keep outrunning supply, so when DWDM allowed each fiber to carry dramatically more capacity than expected, the remaining fiber pairs sat dark for years…",2026-08-26,https://gaetanoresearch.substack.com/p/fiber-optics-boom-bust-is-it-going
Steve Eisman,steve-eisman,main,"Is power scarcity a warning, or a moat?",scarcity-as-warning,Scarcity as a warning,"Data centers are proving more difficult and costly to build than expected, with gigawatt-scale projects running behind schedule, and every delay gives an already-unprofitable customer base more time to encounter financial strain.",2026-09-09,https://realeismanplaybook.substack.com/p/inside-ais-fragile-ecosystem-with
Ren,ren,main,"Is power scarcity a warning, or a moat?",scarcity-as-moat,Scarcity as a moat,"AI data center buildout is bottlenecked by power delivery, not compute, since compute can be ordered faster than power can be delivered to a site.",2026-08-25,https://renstocks.substack.com/p/should-you-buy-bloom-energy-now
Ren,ren,main,"Is power scarcity a warning, or a moat?",scarcity-as-moat,Scarcity as a moat,"Bloom's real product is time-to-power rather than electrons, because stranding a multi-billion-dollar GPU cluster for 18-24 months costs far more than paying a premium for onsite electricity.",2026-08-25,https://renstocks.substack.com/p/should-you-buy-bloom-energy-now
Daniel Romero,daniel-romero,main,"Is power scarcity a warning, or a moat?",scarcity-as-moat,Scarcity as a moat,"The mismatch between how quickly compute can improve and how slowly physical infrastructure can be built is what drives the investment case for data-center stocks, because interconnection, transformers, turbines, generation, transmission, and…",2026-08-28,https://hypertechinvest.com/p/the-safest-bet-in-the-ai-buildout
Daniel Romero,daniel-romero,main,"Is power scarcity a warning, or a moat?",scarcity-as-moat,Scarcity as a moat,"Power is a key bottleneck in AI because rack power is rising sharply while grids, substations, transformers, and generation take years to expand.",2026-08-28,https://hypertechinvest.com/p/the-safest-bet-in-the-ai-buildout
Edelbridge Alpha,edelbridge-alpha,main,"Is power scarcity a warning, or a moat?",scarcity-as-moat,Scarcity as a moat,"Despite extensive resident opposition on noise, water, and emissions grounds at the planning board hearings, Nebius's 350 MW Vineland, New Jersey data center site plan was still approved, showing there is no real 'war' against data centers.",2026-08-21,https://edelbridge.substack.com/p/data-center-politics-is-forcing-a
Edelbridge Alpha,edelbridge-alpha,main,"Is power scarcity a warning, or a moat?",scarcity-as-moat,Scarcity as a moat,"Because a single data center campus represents a multi-billion dollar capital commitment, multi-year construction payroll, and permanent tax base addition, while incentives amount to only about 2% of construction investment in hyperscale counties…",2026-08-21,https://edelbridge.substack.com/p/data-center-politics-is-forcing-a
